id,prepped_bfsentence_None,masked_sentence,a1,gt_q2
5a70f11a5542994082a3e40b,"Which dog breed, the Schapendoes or the Bull Terrier, has its origins in a greater number of other dog breeds? Schapendoes: The Schapendoes (] ) or Dutch Sheepdog, is a breed of dog originating in the Netherlands.","The Bull Terrier (Miniature) is a breed with origins in the extinct English White Terrier, the Dalmatian and the Bulldog.",Bull Terrier,From what breeds does the Bull Terrier originate?
5a7103b35542994082a3e4c0,"Which mountain, Masherbrum or Khunyang Chhish, is a taller mountain? Khunyang Chhish: Khunyang Chhish or Kunyang Chhish (Urdu: ‎ )is the second-highest mountain in the Hispar Muztagh, a subrange of the Karakoram mountains of Pakistan. Masherbrum: At 7821 m it is the 22nd highest mountain in the world and the 9th highest in Pakistan."," Its height, also sometimes given as 7823 m , is ranked 21st in the world and 8th in Pakistan.",Khunyang Chhish,How tall is Kunyang Chhish?
5a7108fa5542994082a3e4ef,"Which battle, the Battle of Cold Harbor, or the Second Battle of Bull Run, was fought first? Battle of Cold Harbor: The Battle of Cold Harbor was fought from May 31 to June 12, 1864, with the most significant fighting occurring on June 3.","The Second Battle of Bull Run or Battle of Second Manassas was fought August 28–30, 1862 in Prince William County, Virginia, as part of the American Civil War.",Second Battle of Bull Run,When was the Second battle of Bull Run fought?
5a710a1e5542994082a3e4fd,"What is the genus of the viral disease that has symptoms such as fever, chills, loss of appetite, nausea, muscle pains, and headaches, and has a chance of causing liver damage? Yellow fever: In most cases, symptoms include fever, chills, loss of appetite, nausea, muscle pains particularly in the back, and headaches. In about 15% of people within a day of improving, the fever comes back, abdominal pain occurs, and liver damage begins causing yellow skin.","Flavivirus is a genus of viruses in the family ""Flaviviridae"".",Flavivirus,What is the genus of Flavivirus?
5a710a915542994082a3e504,"Which of these men, Scott Treleaven and Edmund Mortimer, is credited with working in both films and photography? Edmund Mortimer (actor): Edmund Mortimer (21 August 1874 – 21 May 1944) was an American actor and film director. Lady Elizabeth Percy: Lady Elizabeth Percy (c. 1395 – 26 October 1436) was the daughter of Sir Henry Percy, known to history as 'Hotspur', and Elizabeth Mortimer.","Scott Treleaven is a Canadian artist whose work employs a variety of media including collage, film, video, drawing, photography and installation.",Scott Treleaven,In what media does Scott Treleaven work?
5a711bb55542994082a3e597,"Steven Covey, the father of Sean Covey, wrote what similar sounding title to The 7 Habits of Highly Effective Teens? Stephen Covey: Stephen Richards Covey (October 24, 1932 – July 16, 2012) was an American educator, author, businessman, and keynote speaker. The 7 Habits of Highly Effective Teens: The Seven Habits of Highly Effective Teens is a 1998 bestselling self-help book written by Sean Covey, the son of Stephen Covey. In 1999 Covey released a companion book entitled ""Daily Reflections For Highly Effective Teens""."," His most popular book was ""The 7 Habits of Highly Effective People"".",The 7 Habits of Highly Effective People,What book did Steven Covey write?
5a71224f5542994082a3e5c1,"When was the actor born who starred in Nambia: The Struggle for Liberation and played Roger Murtaugh in the ""Lethal Weapon"" film series? Namibia: The Struggle for Liberation: Namibia: The Struggle for Liberation is a 2007 epic film on the Namibian independence struggle against South African occupation as seen through the life of Sam Nujoma, the leader of the South West Africa People's Organisation and the first president of the Republic of Namibia. The film was written and directed by Charles Burnett, the African American filmmaker, and stars Carl Lumbly and Danny Glover. Danny Glover: He is well known for his leading role as Roger Murtaugh in the ""Lethal Weapon"" film series, ""The Color Purple"" (1985), ""To Sleep with Anger"" (1990), ""Predator 2"" (1990), and ""Angels in the Outfield"" (1994).","Danny Lebern Glover (born July 22, 1946) is an American actor, film director, and political activist.",22-Jul-46,When was Danny Glover born?
5a712beb5542994082a3e61c,"What Golden Globe Award actor starred in the film Little Fugitive? Little Fugitive (2006 film): Little Fugitive is a 2006 remake of the film of the same name. The film is set in present day Brooklyn and tells the story of 11-year-old Lenny (Nicolas Martí Salgado) who must take care of his 7-year-old brother, Joey (David Castro), while their father (Peter Dinklage) is in jail and their mother work long hours a nursing home. Tom Cruise filmography: In 1986, Cruise played a fighter pilot in the Tony Scott-directed action drama ""Top Gun"" (the highest-grossing film that year), and also starred opposite Paul Newman in the Martin Scorsese-directed drama ""The Color of Money""."," He has received numerous accolades, including a Golden Globe Award and two Primetime Emmy Awards.",Peter Dinklage,"Has Peter Dinklage or, Nicolas Marti Salgado, David Castro, or Tom Cruise won a Gonden Globe Award?"
5a712c4b5542994082a3e622,"What heritage site, known for a British explorer, is listed Seventeen Seventy Australia? James Cook: Captain James Cook (7 November 172814 February 1779) was a British explorer, navigator, cartographer, and captain in the Royal Navy.","Captain Cook's Landing Place is a heritage-listed site at Seventeen Seventy, Gladstone Region, Queensland, Australia.",Captain Cook's Landing Place,What heritage-listed site is at Seventeen Seventy in Australia?
5a7131565542994082a3e64f,"Q: Which actor played a role in the comedy series ""30 Rock"" as well as the drama series ""Mad Men""? A: Jon Hamm Jon Hamm: Jonathan Daniel Hamm (born March 10, 1971) is an American actor, director, and television producer best known for playing advertising executive Don Draper for the AMC television drama series, ""Mad Men"" (2007–2015). Anna Howard Shaw Day: The episode originally aired on the National Broadcasting Company (NBC) network in the United States on February 11, 2010."," ""Live Show"" featured appearances by Rachel Dratch, Bill Hader, Matt Damon, Jon Hamm, and Julia Louis-Dreyfus.",Jon Hamm,Did Jon Hamm or Anna Howard Shaw Day appear in 30 Rock?
5a7136e25542994082a3e67e,"What Hong Kong actor born in 1980 will star in ""Heart and Greed""? Heart and Greed: Heart and Greed () is an upcoming 2017 drama produced by TVB and Tencent Penguin Pictures. It stars Louise Lee, Ha Yu, Michelle Yim, Susanna Kwan, Bosco Wong, Vincent Wong, Sharon Chan, Eliza Sam, Louis Yuen, Priscilla Wong, Michael Tong, Nora Miao and Joseph Lee.","Bosco Wong Chung-chak (, born 13 December 1980) is a Hong Kong actor under TVB management and singer under East Asia Music.",Bosco Wong Chung-chak,"Of Louise Lee, Ha Yu, Michelle Yim, Susanna Kwan, Bosco Wong, Vincent Wong, Sharon Chan, Eliza Sam, Louis Yuen, Priscilla Wong, Michael Tong, Nora Miao and Joseph Lee., who was born in 1980 and is from Hong Kong?"
5a7137dc5542994082a3e68a,"Kevin Wayne Durant was named what ?(An Award initiated following 1952-53 NBA Season? Kevin Durant: He has won an NBA championship, an NBA Most Valuable Player Award, the Bill Russell NBA Finals Most Valuable Player Award, the NBA All-Star Game Most Valuable Player Award, four NBA scoring titles, the NBA Rookie of the Year Award, and two Olympic gold medals.",The National Basketball Association's Rookie of the Year Award is an annual National Basketball Association (NBA) award given to the top rookie(s) of the regular season.,The National Basketball Association's Rookie of the Year,Who is awarded the national Basketball Associations Rookie of the Year Award?
5a71380c5542994082a3e68b,"What iron-hulled steamship designed by Theodore Timby was The Orleans County Monitor Newspaper named after? USS Monitor: USS ""Monitor"" was an iron-hulled steamship. The unique design of the ship, distinguished by its revolving turret which was designed by American inventor Theodore Timby, was quickly duplicated and established the monitor type of warship."," An American Civil War veteran, he named it after the USS ""Monitor"".","USS ""Monitor""",What ship did Theodore Timby name his newspaper after?
5a713a5a5542994082a3e6a9,"What football club plays in the area between the old tool gates: Brook Bar and Trafford bar? Trojans Rugby Football Club: The Trojans Rugby Football Club is an under-nineteen-year-old rugby club originally based out of Lassiter High School. Old Trafford, Greater Manchester: Old Trafford is an area of Stretford, in the Metropolitan Borough of Trafford, Greater Manchester, England, 2 mi southwest of Manchester city centre. The crossroads sites of two old toll gates roughly delineate the borders of the area: Brooks's Bar to the east and Trafford Bar to the west.","Manchester United Football Club is an English football club based in Old Trafford, Greater Manchester.",Manchester United,"What football club plays in Old Trafford, Greater Manchester?"
5a7143625542994082a3e71e,"Who co-founded View Askew Productions and produced numerous movies starring Jason Lee? Monica Hampton: Monica Hampton is an award-winning New York-based narrative and documentary filmmaker. Jason Lee (actor): He is also known for his roles in Kevin Smith films such as ""Mallrats"", ""Chasing Amy"", ""Dogma"", ""Jay and Silent Bob Strike Back"", ""Jersey Girl"", ""Clerks II"" and ""Cop Out""."," While not strictly sequential, the films frequently featured crossover plot elements, character references, and a shared canon described by fans as the ""View Askewniverse"", named after his production company View Askew Productions, which he co-founded with Scott Mosier.",Kevin Smith,Who cofounded View Askew Productions?
5a71474b5542994082a3e74f,"What was triggered by the resignation of Conservative MP Stephen Phillips on 4 November 2016 and was when Caroline Johnson became a Member of Parliament? Sleaford and North Hykeham by-election, 2016: It was triggered by the resignation of Conservative MP Stephen Phillips on 4 November 2016. Caroline Johnson: She has been the Member of Parliament (MP) for Sleaford and North Hykeham since the by-election there on 8 December 2016. Tory Boy: Recently it has been argued that Conservative Future has managed to change the image of young Conservatives from that given by the FCS.",The Sleaford and North Hykeham by-election was a by-election in England for the House of Commons constituency of Sleaford and North Hykeham held on 8 December 2016.,The Sleaford and North Hykeham by-election,What was the Sleaford and North Hykeham by-election?
5a7147fd5542994082a3e758,When was the king that started coin production in Copenhagen born? Royal Mint (Denmark): The first king to start a production of coins in Copenhagen was King Hans.,"John (Danish and Norwegian: ""Hans"" ; Swedish: ""Johan"" ; né ""Johannes"") (2 February 1455 – 20 February 1513) was a Scandinavian monarch under the Kalmar Union.",2 February 1455,When was king John born?
5a7148685542994082a3e761,"Paul Ziert recruited what two time gold medalist in gymnastics? Kiara Nowlin: She was at the 2009 World Age Games held in St. Petersburg, Russia, gold medalist in tumbling (13- to 14-year-old division) and gold medalist in double-mini trampoline (13- to 14-year-old division). Paul Ziert: Ziert recruited Bart Conner to the school."," As a member of the men's gymnastics team at the 1984 Summer Olympic Games, Conner won two gold medals.",Bart Conner,How many gold medals did Bart Conner win?
5a714b645542994082a3e78b,"What year did Lindsey Broad star in the movie with Russell Brand and Jonah Hill? Lindsey Broad: Her film credits include ""21 Jump Street"", ""Don Jon"", and ""Get Him to the Greek"".","Get Him to the Greek is a 2010 American black comedy film written, produced and directed by Nicholas Stoller and starring Russell Brand and Jonah Hill.",2010,"Which movie out of ""21 Jump Street"", ""Don Jon"", and ""Get Him to the Greek"" was released in 2010 and starred Lrussel Brand and Jonah Hill?"
5a714dea5542994082a3e7a9,"Which 2009 animated film is from Japan, Summer Wars or The Secret of Kells? Romance of the Three Kingdoms (2009 animation): Romance of the Three Kingdoms is a 2009 animated television series joint produced by the Beijing Huihuang Animation Company of China and Future Planet of Japan. The Secret of Kells: The Secret of Kells is a 2009 French-Belgian-Irish animated fantasy film animated by Cartoon Saloon that premiered on 8 February 2009 at the 59th Berlin International Film Festival.","Summer Wars (Japanese: サマーウォーズ , Hepburn: Samā Wōzu ) is a 2009 Japanese animated science fiction film directed by Mamoru Hosoda, animated by Madhouse and distributed by Warner Bros.",Summer Wars,What country is Summer Wars from?
5a714f6f5542994082a3e7b3,"How many people live in the County serviced by The Collier Area Transit system? Collier Area Transit: Collier Area Transit (CAT) is the public transportation system in Collier County, Florida. Collier County, Florida: Collier County is a county in the U.S. state of Florida."," As of the 2010 census, the population was 321,520.","321,520","How many people live in Collier County, Florida?"
5a7150c75542994082a3e7be,What is the capacity of the stadium that hosts games of the team that was coached by Barry Switzer in 1981? 1981 Oklahoma Sooners football team: The 1981 Oklahoma Sooners football team represented the University of Oklahoma during the 1981 NCAA Division I-A football season. They played their home games at Oklahoma Memorial Stadium and competed as members of the Big Eight Conference. They were coached by head coach Barry Switzer.," The official seating capacity of the stadium, following renovations in 2015, is 86,112, making it the 23rd largest stadium in the world, the 15th largest college stadium in the United States and the second largest in the Big 12 Conference, behind Darrell K Royal–Texas Memorial Stadium at the University of Texas at Austin.","86,112",What is the capacity of Oklahoma Memorial Stadium?
5a7153d05542994082a3e7dc,"Which Istanbul mosque is unique for retaining a Baroque style of architecture, the Bayezid II Mosque or the Nusretiye Mosque? Bayezid II Mosque: The Bayezid II Mosque (Turkish: ""Beyazıt Camii, Bayezid Camii"" ) is an Ottoman imperial mosque located in the Beyazıt Square area of Istanbul, Turkey, near the ruins of the Forum of Theodosius of ancient Constantinople.","Nusretiye Mosque is an ornate mosque located in Tophane district of Beyoğlu, Istanbul, Turkey.",Nusretiye Mosque,What is the style of Nusretiye Mosque?
5a71646e5542994082a3e80e,"What is the proper name for the steroid used by the retired British track sprinter who is one of the fastest European sprinters in the history of athletics? Dwain Chambers: Dwain Anthony Chambers (born 5 April 1978) is a retired British track sprinter. He has won international medals at World and European level and is one of the fastest European sprinters in the history of athletics. He received a two-year athletics ban in 2003 after testing positive for THG, a banned performance-enhancing drug.","Tetrahydrogestrinone (THG), often referred to by its nickname The Clear, is a synthetic, orally active anabolic-androgenic steroid (AAS) which was never marketed.",Tetrahydrogestrinone,What is the full proper name of the steroid THG?
5a7166395542994082a3e814,"What is the name of the fight song of the university whose main campus is in Lawrence, Kansas and whose branch campuses are in the Kansas City metropolitan area? University of Kansas: The main campus in Lawrence, one of the largest college towns in Kansas, is on Mount Oread, the highest elevation in Lawrence. Two branch campuses are in the Kansas City metropolitan area: the Edwards Campus in Overland Park, and the university's medical school and hospital in Kansas City.",Kansas Song (We’re From Kansas) is a fight song of the University of Kansas.,Kansas Song,What is the name of the fight song of the University of Kansas?
5a71674f5542994082a3e819,"When was the magazine Sam Duckworth got his name Get Cape. Wear Cape. Fly from launched? Get Cape. Wear Cape. Fly: According to Duckworth, his original stage name came from Retro Gamer magazine, from an article about superhero games such as ""Batman"" containing the heading ""Get Cape."," Although launched in January 2004 as a quarterly publication, ""Retro Gamer"" soon became a monthly.",Jan-04,When was Retro Gamer magazine launched?
5a716a9b5542994082a3e821,"What actor from ""Willow"" also starred in ""The Usual Suspects""? Kevin Pollak: Kevin Elliot Pollak (born October 30, 1957) is an American actor, impressionist, and comedian. In 1988, he landed a role in ""Willow"", his first major role in a film. Bad Hat Harry Productions: Bad Hat Harry Productions is an American film and television production company founded in 1994 by director Bryan Singer."," It stars Stephen Baldwin, Gabriel Byrne, Benicio del Toro, Kevin Pollak, Chazz Palminteri, Pete Postlethwaite, and Kevin Spacey.",Kevin Elliot Pollak,"Who starred in ""The Usual Suspects""?"
5a716ec85542994082a3e82d,"Which movie was filmed first ""The Guest"" or ""You're Next""? The White Hell of Pitz Palu: Written by Arnold Fanck and Ladislaus Vajda, the film is about a man who loses his wife in an avalanche while climbing the Piz Palü mountain, and spends the next few years searching the mountain alone for her body. You're Next: You're Next is a 2011 American slasher film directed by Adam Wingard, written by Simon Barrett and starring Sharni Vinson, Nicholas Tucci, Wendy Glenn, A. J. Bowen and Joe Swanberg.","The Guest is a 2014 American action horror-thriller film directed and edited by Adam Wingard and written by Simon Barrett, both of whom previously collaborated on a previous film, ""You're Next"" (2011).",You're Next,In what year was The Guest filmed?
5a716eeb5542994082a3e82e,"What actor starred with Virginia Katherine McMath in Star of Midnight? Ginger Rogers: Ginger Rogers (born Virginia Katherine McMath; July 16, 1911 – April 25, 1995) was an American actress, dancer, and singer, widely known for performing in films and RKO's musical films, partnered with Fred Astaire.", William Powell was loaned out in this movie from MGM to star with Ginger Rogers.,William Powell,"Who starred in ""Star of Midnight"" besides Ginger Rogers? "
5a7172105542994082a3e837,"What film did Tom Wu appear in that also starred Jason Statham and Ray Liotta? Tom Wu: He was born in Hong Kong and grew up in Chinatown, London.","Revolver is a 2005 British-French crime thriller film co-written and directed by Guy Ritchie and starring Jason Statham, Ray Liotta, Vincent Pastore and André Benjamin.",Revolver,"What film starred Jason Statham, and Ray Liotta?"
5a7195a05542994082a3e881,"in what year did the Israeli presidential elections take place after the resignation of the seventh president of Israel? Ezer Weizman: Ezer Weizman (Hebrew: עזר ויצמן‎ ‎ ""Ezer Vaytsman""; 15 June 1924 – 24 April 2005) was the seventh President of Israel, first elected in 1993 and re-elected in 1998.","Elections for the President of Israel were held in the Knesset on 31 July 2000, following Ezer Weizman's resignation.",2000,When was the election following Ezer Weizman's resignation held?
5a7217f255429971e9dc9260,"Which Member of Parliament for Macclesfield was married to Jane Ann Winterton? Henry Brett (colonel): He was very handsome, and the lady's sympathy is said to have been evoked by an assault committed on him by bailiffs opposite her windows. Nicholas Winterton: Sir Nicholas Raymond Winterton (born 31 March 1938) is a retired British Conservative Party politician. He was the Member of Parliament (MP) for Macclesfield from 1971 until he retired from the House of Commons at the 2010 general election."," She is married to Sir Nicholas Winterton, also a former Conservative MP.",Sir Nicholas Raymond Winterton,Who is married to Sir Nicholas Raymond Winterton?
5a72239a55429971e9dc92cf,"Who was soldier Archie A. Peck's commanding officer during the Meuse-Argonne Offensive? Lost Battalion (World War I): The Lost Battalion is the name given to nine companies of the United States 77th Division, roughly 554 men, isolated by German forces during World War I after an American attack in the Argonne Forest in October 1918. Archie A. Peck: Archie A. Peck (November 22, 1894 – September 15, 1978) was a soldier in the United States Army who received the Medal of Honor for his actions during World War I. While serving as a private foot soldier in the US 77th Division during the Meuse-Argonne Offensive, his unit ended up with several others behind German lines, in what was later known as ""the Lost Battalion"".", They were led by Major Charles White Whittlesey.,Major Charles White Whittlesey,Who led the US 77th Division during the Meuse-Argonne Offensive?
5a722a6855429971e9dc9320,"What is the character's name for which Anna Leonidovna Kovalchuk won a prize in the legal festival ""Law and Society""? Anna Kovalchuk: The winner of the prize for the presentation of the image of ""good character"" in the international legal Festival ""Law and Society"" for the title role in the television series ""Tainy Sledstviya"".", The television series follows the work of a Chief Detective Maria Shvetsova (played by Anna Kovalchuk)of a St.Petersburg Saint Petersburg District IC Investigative Committee of Russia.,Chief Detective Maria Shvetsova,What character did Anna Kovalchuk play in Tayny sledstviya?
5a72334755429971e9dc934c,"""Heartbreak Hurricane"" was recorded by which country artist, that also goes by the name Ricky Skaggs? Heartbreak Hurricane: ""Heartbreak Hurricane"" is a song written by Larry Cordle and Jim Rushing, and recorded by American country music artist Ricky Skaggs.","Rickie Lee Skaggs (born July 18, 1954), known professionally as Ricky Skaggs, is an American country and bluegrass singer, musician, producer, and composer.",Rickie Lee Skaggs,Who is known professionally as Ricky Skaggs?
5a7252db5542990c210a4104,"What is the name of the oldest child that attended the Trump campaign-Russian meeting? Zeresenay Alemseged: The “world’s oldest child”, she is the most complete skeleton of a human ancestor discovered to date. Trump campaign–Russian meeting: On June 9, 2016, a meeting was held in Trump Tower in New York City between three senior members of the presidential campaign of Donald TrumpDonald Trump Jr., Jared Kushner, and Paul Manafortand at least five other people, including Russian lawyer Natalia Veselnitskaya."," He is the oldest child of the 45th President of the United States, Donald Trump, and his first wife, Ivana.",Donald Trump Jr.,Who is Donald Trump's oldest child?
5a72634d5542997f82783994,what city will host the event in which marie gisele eleme asse won twoo medals in 2017 Marie Gisèle Eleme Asse: Marie Gisèle Eleme Asse (born 13 November 1995) is a Cameroonian sprinter She won two medals at the 2017 Jeux de la Francophonie.,"The 2017 Jeux de la Francophonie, also known as ""VIIIèmes Jeux de la Francophonie"" (French for ""8th Francophone Games""), will be held in Abidjan, Ivory Coast, from July 21–30.",Abidjan,In what city was the 2017 Juex de la Francophonie held?
5a7265825542997f827839a3,"What Olympic medal did the opponent of Crawford Ashley for the World Boxing Association (WBA) World super middleweight title win in 1984? Crawford Ashley: Crawford ""Chilling"" Ashley (born Gary Crawford, 20 May 1964 in Leeds is an English professional super middle/light heavy/cruiser/heavyweight boxer of the 1980s, '90s and 2000s, who won the British Boxing Board of Control (BBBofC) Central Area light heavyweight title, BBBofC British light heavyweight title, European Boxing Union (EBU) light heavyweight title (twice), and Commonwealth light heavyweight title (twice), drew with Yawe Davis for the vacant European Boxing Union (EBU) light heavyweight title, and was a challenger for the European Boxing Union (EBU) light heavyweight title against Graciano Rocchigiani, World Boxing Association (WBA) World super middleweight title against Michael Nunn, World Boxing Association (WBA) World light heavyweight title against Virgil Hill, and World Boxing Union (WBU) cruiserweight title against Sebastiaan Rothmann, his professional fighting weight varied from 163 lb , i.e. super middleweight to 211 lb , i.e. heavyweight."," As an amateur, Hill won a silver medal in the middleweight division at the 1984 Summer Olympics.",a silver medal,What medal did Hill win in 1984?
5a7265a95542992359bc307a,"In what year did construction begin on the stadium where the 2013 America East Men's Lacrosse Tournament was held? 2013 America East Men's Lacrosse Tournament: The 2013 America East Men's Lacrosse Tournament was the 14 edition of the America East Conference Men's Lacrosse Tournament and took place from May 2 to May 4 at Kenneth P. LaValle Stadium in Stony Brook, New York.", Construction began in 2000 at a cost of approximately $22 million.,in 2000,In what year did construction begin on the Kenneth P. LaValle Stadium?
5a7268235542992359bc3081,"What unit of the Air National Guard is located at a base that was home to the 509th Bomb Wing flying the General Dynamics FB-111A? Pease Air National Guard Base: It occupies a portion of what was once Pease Air Force Base, a former Strategic Air Command facility with a base-related population of 10,000 and which was home to the 509th Bomb Wing (509 BW) flying the General Dynamics FB-111A.","The 133d Air Refueling Squadron (133 ARS) is a unit of the New Hampshire Air National Guard 157th Air Refueling Wing located at Pease Air National Guard Base, Portsmouth, New Hampshire, United States.",133d Air Refueling Squadron,What unit of the Air National Guard is located at the Pease Air National Guard Base?
5a726ba35542997f827839c0,"Which racecar driver who performed in the 1971 Canadian Grand Prix was born in 1937? 1971 Canadian Grand Prix: The 1971 Canadian Grand Prix was a Formula One motor race held at Mosport Park on September 19, 1971. American Mark Donohue scored an excellent third on his F1 debut. Peter Ryan (racing driver): He participated in one Grand Prix, the 1961 United States Grand Prix at Watkins Glen, finishing ninth.","Mark Neary Donohue Jr. (March 18, 1937 – August 19, 1975), nicknamed ""Captain Nice,"" and later ""Dark Monohue,"" was an American racecar driver known for his ability to set up his own race car as well as driving it to victories.",Mark Neary Donohue Jr.,"Who was bron in 1937, Mark Donohue or Peter Ryan?"
5a727ca45542994cef4bc2d8,"What is Old Orchard Shopping Center currently called? River Oaks Center: The elder Klutznick had developed Park Forest, Illinois, after World War II, as well as Oakbrook Center in Oak Brook in 1959 and Old Orchard Shopping Center in Skokie in 1956.","Westfield Old Orchard, formerly Old Orchard Shopping Center, is a shopping mall in the Chicago metropolitan area.",Westfield Old Orchard,What place was former called the Old Orchard Shopping Center?
5a727e1b5542991f9a20c497,"In which song was written by singer-songwriter Taylor Swift and shares the optimistic lyrical message to a song called ""Yodel It!""? Fearless (Taylor Swift song): Musically, it contains qualities commonly found in country pop music and, lyrically, is about a perfect first date. Yodel It!: ""Yodel It!"" The track's optimistic lyrical message was compared to that of Taylor Swift's ""Shake It Off"" (2014).","""Shake It Off"" is a song recorded by American singer-songwriter Taylor Swift from her fifth album, ""1989"" (2014).",Shake It Off,Who wrote Shake It Off?
5a72814f5542994cef4bc2eb,"The American Astronomical Society presents an award named after what New Zealand astronomer? Heather A. Knutson: <ref name=""https://aas.org/grants-and-prizes/newton-lacy-pierce-prize-astronomy"">American Astronomical Society: Newton Lacy Pierce Prize in Astronomy | American Astronomical Society, accessdate: June 15, 2016</ref> Beatrice M. Tinsley Prize: The Beatrice M. Tinsley Prize is awarded every other year by the American Astronomical Society in recognition of an outstanding research contribution to astronomy or astrophysics of an exceptionally creative or innovative character. The prize is named in honor of the cosmologist and astronomer Beatrice Tinsley.","Beatrice Muriel Hill Tinsley (27 January 1941 – 23 March 1981) was a British-born New Zealand astronomer and cosmologist whose research made fundamental contributions to the astronomical understanding of how galaxies evolve, grow and die.",Beatrice Tinsley,Who was beatrice Muriel Hill Tinsley?
5a72830e5542994cef4bc2f9,"Where is the company that distributed XXXTentacion's single ""Revenge"" based? Revenge (song): ""Revenge"", originally titled as ""Garrett's Revenge"" is a single by American recording artist XXXTentacion.","EMPIRE is an American distribution company and record label based in San Francisco, California with offices in New York City and Atlanta.","San Francisco, California",Who distributed Revenge and where are they based?
5a7283365542991f9a20c4b2,"Allison Gross is a character in a story which applies what writing technique that introduces characters in threes? Allison Gross: Allison Gross, a hideous witch, tries to bribe the narrator to be her ""leman"". His sister Maisry came to him to comb his hair. One day the Seelie Court came by, and a queen stroked him three times, turning him back into his proper form.","The rule of three is a writing principle that suggests that events or characters introduced in threes are more humorous, satisfying, or effective in execution of the story and engaging the reader.",rule of three,What is a writing technique that introduces characters in threes?
5a728f3c5542992359bc30f4,"Which football club appeared in the 2015 FA Community Shield Cup, as well as, the 2014–15 Premier League championship? 2015 FA Community Shield: The 2015 FA Community Shield (also known as the 2015 FA Community Shield supported by McDonald's for sponsorship reasons) was the 93rd FA Community Shield, an annual English football match played between the winners of the previous season's Premier League and FA Cup. 2014–15 Premier League: The fixtures were announced on 18 June 2014."," The match was contested by Arsenal, the 2014–15 FA Cup winners, and Chelsea, champions of the 2014–15 Premier League.",Chelsea,Who appeared in the 2014-15 Premier League championship?
5a7291c35542991f9a20c4f4,"What movie was directed by Harold Ramis and stars Bill Murray? Caddyshack: The film was later dedicated to producer Douglas Kenney, who died shortly after the film's release. Harold Ramis: Harold Allen Ramis (November 21, 1944 – February 24, 2014) was an American actor, director, writer, and comedian. As a director, his films include the comedies ""Caddyshack"" (1980), ""National Lampoon's Vacation"" (1983), ""Groundhog Day"" (1993), and ""Analyze This"" (1999).","Groundhog Day is a 1993 American fantasy-comedy film directed by Harold Ramis, starring Bill Murray, Andie MacDowell, and Chris Elliott.",Groundhog Day,"Out of ""Caddyshack"", ""National Lampoon's Vacation"", ""Groundhog Day"", and ""Analyze This"", which movie stars Bill Murray?"
5a7293655542991f9a20c4ff,"What 1996 book was written by the founder of Media Matter for America? David Brock: David Brock (born November 2, 1962) is an American Neo-Liberal political operative, author, and commentator who founded the media watchdog group Media Matters for America.",The Seduction of Hillary Rodham is a 1996 book about the early years of Hillary Rodham Clinton written by David Brock.,The Seduction of Hillary Rodham,What book was written by David Brock in 1996?
5a7296815542991f9a20c515,"Who brewed the first espresso coffee in space, Patrick Baudry or Samantha Cristoforetti? Samantha Cristoforetti: Samantha Cristoforetti (] ; born 26 April 1977 in Milan) is an Italian European Space Agency astronaut, Italian Air Force pilot and engineer. Patrick Baudry: Patrick Pierre Roger Baudry (born March 6, 1946 in Cameroon), is a retired Lieutenant Colonel in the French Air Force and a former CNES astronaut. In 1985, he became the second French citizen in space, after Jean-Loup Chrétien, when he flew aboard NASA's Space Shuttle mission STS-51-G.", Samantha Cristoforetti is also known as the first person who brewed an espresso coffee in space.,Samantha Cristoforetti,"Who brewed the first espresso in space, Samantha Cristoforetti or Patrick Baudry?"
5a7299e75542991f9a20c524,"What movie was released at a later date, My Dog Tulip or Monsters vs. Aliens? My Dog Tulip: My Dog Tulip is an American independent animated feature film based on the 1956 memoir of the same name by J. R. Ackerley, BBC editor, novelist and memoirist.",Monsters vs. Aliens is a 2009 American 3D computer-animated science fiction film produced by DreamWorks Animation and distributed by Paramount Pictures.,Monsters vs. Aliens,When was Monsters vs. Aliens released?
5a72a3c45542994cef4bc3ac,"What is the birth name of the woman that ""A Woman Called Moses"" is based on? A Woman Called Moses: A Woman Called Moses is a television miniseries based on the life of Harriet Tubman, the escaped African American slave who helped to organize the Underground Railroad, and who led dozens of African Americans from enslavement in the Southern United States to freedom in the Northern states and Canada.","Harriet Tubman (born Araminta Ross;  1822 March 10, 1913) was an American abolitionist, humanitarian, and an armed scout and spy for the United States Army during the American Civil War.",Araminta Ross,What was Harriet Tubman born as?
5a72a51355429901807daf21,Who is the chairman of the company that operates Suncoast Hotel and Casino? Suncoast Hotel and Casino: It is owned and operated by Boyd Gaming.," The company continues to be run by founder Sam Boyd's family under the management of Sam's son, Bill Boyd (born 1931), who currently serves as the company's executive chairman after retiring as CEO in January 2008.",Bill Boyd,Who is the chairman of Boyd Gaming?
5a72a6d855429901807daf27,"Of four Harry S. Truman Supreme Court candidates, who was the 53rd United States Secretary of the Treasury and the 13th Chief Justice of the United States? Harry S. Truman Supreme Court candidates: During his two terms in office, President Harry S. Truman appointed four members of the Supreme Court of the United States: Chief Justice Fred M. Vinson, Associate Justice Harold Burton, Associate Justice Tom C. Clark, and Associate Justice Sherman Minton. Priyasath Dep: On February 27th 2017 he was nominated by the Constitutional Council as the 45th Chief Justice of Sri Lanka"," The most prominent member of the Vinson political family, he was the 53rd United States Secretary of the Treasury and the 13th Chief Justice of the United States.",Fred M. Vinson,"Of Fred M. Vinson, Harold Burton, Tom Clark, and Sherman Minton, who was the 53rd United States Secretary of the Treasury and 13th Chief Justice?"
5a72aec45542994cef4bc3d7,"Which author lived longer, Nelson Algren or Nathanael West? Nelson Algren: Nelson Algren (March 28, 1909 – May 9, 1981) was an American writer.","Nathanael West (born Nathan Weinstein; October 17, 1903 – December 22, 1940) was an American author, screenwriter and satirist.",Nelson Algren,When was Nelson Algren born and when did he die?
5a72b3335542994cef4bc3dc,What party campaigned for the Irish Home Rule Movement? Irish Home Rule movement: The Irish Home Rule movement was a movement that agitated for self-government for Ireland within the United Kingdom of Great Britain and Ireland.,"The Home Rule League (1873–1882), sometimes called the Home Rule Party or the Home Rule Confederation, was a political party which campaigned for home rule for Ireland within the United Kingdom of Great Britain and Ireland, until it was replaced by the Irish Parliamentary Party.",The Home Rule League,What party campaigned for Irish home rule?
5a72b9155542992359bc3187,"What service is an Amtrak flagship that includes BWI Rail Station as one of its Amtrak intercity services? BWI Rail Station: It is served by Amtrak intercity services (frequent ""Northeast Regional"" and ""Acela Express"" trains plus the daily ""Vermonter"" and ""Palmetto"") and MARC Penn Line regional rail service.","The Acela Express ( ; colloquially abbreviated to Acela) is Amtrak's flagship service along the Northeast Corridor (NEC) in the Northeast United States between Washington, D.C. and Boston via 14 intermediate stops including Baltimore, Philadelphia, and New York City.",Acela Express,"Out of Northeast Regional, Acela Express, and Vermonter, and Palmetto, which is an Amtrak flagship service?"
5a72ba165542992359bc318a,"Who runs the website surpassed by both Baidu Baike and Hudong.com? Baidu Baike: Its test version was released on 20 April 2006, and within three weeks the encyclopedia had grown to more than 90,000 articles surpassing the number in Chinese Wikipedia. Chinese Wikipedia: The Chinese Wikipedia () is the (Standard) Chinese language edition of Wikipedia.", It is run by the Wikimedia Foundation.,Wikimedia Foundation,Who runs Wikipedia?
5a72ba1a5542992359bc318b,"Which song did Eminem and Rihanna collaborate on after their other collaboration song in studio album ""Unapologetic?"" Numb (Rihanna song): ""Numb"" is a song by Barbadian singer Rihanna from her seventh studio album ""Unapologetic"" (2012)."," ""The Monster"" marks the fourth collaboration between Eminem and Rihanna, following ""Love the Way You Lie"", its sequel ""Love the Way You Lie (Part II)"" (2010), and ""Numb"" (2012).",The Monster,"What song did Eminem and Hihanna collaborate on after ""Numb""?"
5a72bd0b5542992359bc318f,"Who achieved more academically, Andrea Martin or Mark Hoplamazian? Andrea Martin: Andrea Louise Martin (born January 15, 1947) is an American actress, singer, author and comedian, best known for her work in the television series ""SCTV"". Mark Hoplamazian: Mark S. Hoplamazian is an American businessman, who is the President and CEO of Hyatt Hotels Corporation."," He received his A.B. in economics from Harvard College, and his M.B.A. from the University of Chicago Booth School of Business.",Mark S. Hoplamazian,What were Mark S. Hoplamazian's academic achievements?
5a72c6565542992359bc31a7,"What is the stage name of the former pornographic actress born in 1981 that co-hosted the 26th AVN Awards? 26th AVN Awards: Comedian Thea Vidale hosted the show for the second time, joined on stage by actresses Belladonna and Jenna Haze. 13th AVN Awards: The ceremony, taped for broadcast in the United States by Spice Networks, was produced and directed by Gary Miller and Mark Stone.","Belladonna (born Michelle Anne Sinclair; May 21, 1981) is an American former pornographic actress, pornographic film director, actress and producer.",Belladonna,"Who was born in 1981, Belladonna, or Jenna Haze?"
5a72d3525542991f9a20c5ab,"What was the founding year of the county where Weber's Store is located? Weber's Store: Weber's Store, at 510 Main St. in Thompson Falls in Sanders County, Montana was listed on the National Register of Historic Places in 1986.", The county was founded in 1905.,1905,"When was Sanders County, Montana founded?"
5a72d7b35542991f9a20c5be,"What is the name of the pop artist that belongs on the Pledis Entertainment label and has 13 members? Pledis Entertainment: Pledis Entertainment () is a South Korean record label and entertainment agency founded in 2007 by Han Sung-soo. It is currently home to K-pop artists After School, Orange Caramel, NU'EST, Han Dong Geun, Kye Bumzu, Seventeen and Pristin. List of AKB48 members: s of 06, 2017 the group consists of 125 members, divided among several teams: Team A with 13 members, Team K with 15 members, Team B with 13 members, and Team 4 with 17 members, Team 8 with 46 members, the last of which have 3 members serving concurrently with other AKB48 teams."," The group consists of thirteen members who are separated into three sub-units, each with different areas of specialization: a 'Hip-Hop Unit', 'Vocal Unit', and 'Performance Unit'.",Seventeen,"Out of After School, Orange Caramel, NU'EST, Han Dong Geun, Kye Bumzu, Seventeen, and Pristin, which group has thirteen members?"
5a72e4375542992359bc31bf,"Who is older, Lucy Gichuhi or Bob Day? Lucy Gichuhi: Lucy Muringo Gichuhi (née Munyiri) ( ) (born 23 September 1962) is an Australian politician who is a Senator for South Australia, sitting as an independent. She was declared to have been elected at the 2016 election for the Family First Party following a special recount on 13 April 2017 ordered by the High Court of Australia, sitting as the Court of Disputed Returns, following its decision that Bob Day had not been eligible to stand for election.","Robert John Day {'1': "", '2': "", '3': "", '4': ""} (born 5 July 1952) is an Australian former politician and businessman who was a Senator for South Australia from 1 July 2014 to 1 November 2016.",Bob Day,"When was Robert ""Bob"" Day born?"
5a72fc865542991f9a20c5e9,"When did the coach of the 1963 Oklahoma Sooners football team die ? 1963 Oklahoma Sooners football team: They were coached by head coach Bud Wilkinson, who would retire from coaching after the conclusion of the season.","Charles Burnham ""Bud"" Wilkinson (April 23, 1916 – February 9, 1994) was an American football player, coach, broadcaster, and politician.",9-Feb-94,When did Bud Wilkinson die?
5a7300b85542994cef4bc41a,"Gaia is a space observatory of the European Space Agency, what is Astrosat? Gaia (spacecraft): Gaia is a space observatory of the European Space Agency (ESA) designed for astrometry: measuring the positions and distances of stars with unprecedented precision.",Astrosat is India's first dedicated multi-wavelength space observatory.,India's first dedicated multi-wavelength space observatory.,What is Astrosat?
5a7306a655429901807daf67,"Who is prime minister of this West African country that covers 36125km2? Guinea-Bissau: Guinea-Bissau ( ), officially the Republic of Guinea-Bissau (Portuguese: ""República da Guiné-Bissau"" , ] ), is a country in West Africa. It covers 36125 km2 with an estimated population of .",Umaro Mokhtar Sissoco Embaló (born 23 September 1972) has been the Prime Minister of Guinea-Bissau since 18 November 2016.,Umaro Mokhtar Sissoco Embaló,Who is prime minister of Guinea-Bissau?
5a7309a15542992359bc320c,"Which writer of the song ""Money, Money, Money"" by pop group ABBA was born on 16 December 1946 ? Money, Money, Money: ""Money, Money, Money"" is a song recorded by Swedish pop group ABBA, written by Benny Andersson and Björn Ulvaeus. My Love, My Life (album): My Love, My Life is a compilation album released by Agnetha Fältskog, a former member of Swedish pop group ABBA, in 1996.","Göran Bror Benny Andersson (] ; born 16 December 1946) is a Swedish musician, composer, member of the Swedish music group ABBA (1972–1982), and co-composer of the musicals ""Chess"", ""Kristina från Duvemåla"", and ""Mamma Mia!",Benny Andersson,When was Benny Anderson born?
5a730a6b5542992359bc3210,"Who is older Craig Nicholls or Norman Blake ? Ryan Griffiths (guitarist): Ryan Griffiths (born 14 February 1978) is an Australian musician. Craig Nicholls: Craig Robert Nicholls (born 31 August 1977) is an Australian musician, best known as the lead singer, songwriter, and guitarist of the Australian alternative rock band The Vines, of which he is the only mainstay member.","Norman Blake (born 20 October 1965, Bellshill, North Lanarkshire, Scotland) is a singer, instrumentalist and songwriter in the Glasgow based band Teenage Fanclub.",Norman Blake,When was Norman Blake born?
5a7322165542994cef4bc470,"What memeber of the artistic gymanstic team known as the ""Final Five"" who won a team gold medal at the Rio games was born on May 25, 1994? Final Five (gymnastics): The Final Five was the artistic gymnastics team that won the third team Olympic gold medal for the United States, and the second gold medal on international soil, in the women's team competition at the 2016 Summer Olympics in Rio de Janeiro. The five members of the team were Simone Biles, Gabby Douglas, Laurie Hernandez, Madison Kocian, and Aly Raisman.","Alexandra Rose ""Aly"" Raisman (born May 25, 1994) is an American gymnast and two-time Olympian.",Aly Raisman,"Out of Simone Biles, Gabby Douglas, Laurie Hernandez, Madison Kocian, and Aly Raisman, who was born May 25, 1994?"
5a73250a5542991f9a20c643,"Where has Kerwin Swint's work appeared that draws 20.5 million unique visitors a month? Kerwin Swint: He or his work has appeared in a number of national and international media, including CNN, FOX News, the BBC, the ABC program The View, The Wall Street Journal, The Los Angeles Times, The Washington Post, NPR, The Toronto Star, The Daily Mail (UK), The Guardian (UK), National Journal, Mental Floss, Publishers Weekly, Salon, Slate, The Chronicle of Higher Education, and numerous other media."," mentalfloss.com, which presents facts, puzzles, and trivia with a humorous tone, draws 20.5 million unique users a month.",Mental Floss,"Out of CNN, FOX News, the BBC, the ABC program The View, The Wall Street Journal, The Los Angeles Times, The Washington Post, NPR, The Toronto Star, The Daily Mail (UK), The Guardian (UK), National Journal, Mental Floss, Publishers Weekly, Salon, Slate, and The Chronicle of Higher Education, which outlet draws 20.5 million unique users a month?"
5a7329a15542991f9a20c65f,"What record officially started in 1519 in the same state that holds the city Augustus Chapman Allen used his inheritance to fund the founding of? Charlotte Baldwin Allen: She was the wife of Augustus Chapman Allen, who used her inheritance to finance the founding of this city.","The recorded History of Texas begins with the arrival of the first Spanish conquistadors in the region of North America now known as Texas in 1519, who found the region populated by numerous Native American /Indian tribes.",The recorded History of Texas,Which record officially started in 1519 in Texas?
5a732aa055429901807daf9f,"What year did the largest convention center in the U.S. state of Georgia open? Georgia International Convention Center: The Georgia International Convention Center or GICC, opened in April 2009, is the second largest convention center in the U.S. state of Georgia, second only to the Georgia World Congress Center."," Opened in 1976, the GWCC was the first state-owned convention center established in the United States.",1976,In what year did the Georgia World Congress Center open?
5a7331705542991f9a20c67a,Who was the Goal keeper for Iraq in the 1996 AFC Asian Cup played in the United Arab Emirates? 1996 AFC Asian Cup: The Asian Football Confederation's 1996 AFC Asian Cup finals were held in the United Arab Emirates between 4 and 21 December.,Emad Hashim (born 10 February 1969) is an Iraqi football Goalkeeper who played for Iraq in the 1996 AFC Asian Cup & 2000 AFC Asian Cup.,Emad Hashim,Who was the goal keeper for Iraq in the 1996 AFC Asian Cup?
5a73354f5542991f9a20c687,"Thomas Henry Moray Followed work down on nuclear batteries in 1912 by this English physicist? Charles Drummond Ellis: Sir Charles Drummond Ellis FRS (b.Hampstead, 11 August 1895; died Cookham 10 January 1980) was an English physicist and scientific administrator. Thomas Henry Moray: Moray's device followed other work on nuclear batteries first done in 1913 by Henry Moseley using a radium source. Henry Moseley: Henry Gwyn Jeffreys Moseley (23 November 1887 – 10 August 1915) was an English physicist, whose contribution to the science of physics was the justification from physical laws of the previous empirical and chemical concept of the atomic number.","Thomas Henry Moray (August 28, 1892 - May 18, 1974) was an inventor from Salt Lake City, Utah.",Henry Moseley,Who was Thomas Henry Moray?
5a7339c85542991f9a20c6a2,"What is the nickname of the county in Northern Ireland where the Tandragee killings took place? Andrew Robb and David McIlwaine killings: The Tandragee killings took place in the early hours of Saturday 19 February 2000 on an isolated country road outside Tandragee, County Armagh, Northern Ireland."," County Armagh is known as the ""Orchard County"" because of its many apple orchards.","""Orchard County""",What is the nickname of County Armagh?
5a7344e95542991f9a20c6ce,"What song was number 4 on the charts when a song from FutureSex/LoveSounds was number 1? I Think We're Alone Now: ""I Think We're Alone Now"" was a 1967 US hit for James and the Shondells, reaching number 4 on the ""Billboard"" Hot 100 chart. SexyBack: ""SexyBack"" is a song recorded by American singer-songwriter Justin Timberlake for his second studio album, ""FutureSex/LoveSounds"" (2006). Rudebox (song): ""Rudebox"" is song by English musician Robbie Williams, from the his seventh studio album of the same name (2006)."," After the release of the CD single, it ascended 26 places to number 4, selling 24,821 copies, beaten by Nelly Furtado featuring Timbaland's ""Promiscuous"", Justin Timberlake's ""SexyBack"" and Scissor Sisters' ""I Don't Feel Like Dancin'"".",Rudebox,What song was number 4 in 2006 when Justin Timberlake's SexyBack was number 1?
5a7350d55542994cef4bc535,"Which movie used more styles of animation and filming, James and the Giant Peach or Tangled ? James and the Giant Peach (film): James and the Giant Peach is a 1996 British-American musical fantasy film directed by Henry Selick, based on the 1961 novel of the same name by Roald Dahl. Tangled: Tangled is a 2010 American 3D computer-animated musical fantasy-comedy film produced by Walt Disney Animation Studios and released by Walt Disney Pictures.", The film is a combination of live action and stop-motion animation.,James and the Giant Peach,What kind of animation and filming was used in James and the Giant Peach?
5a73595055429901807dafd6,"When was the producer of the film Betrayal born? Betrayal (1983 film): Betrayal is a 1983 film adaptation of Harold Pinter's 1978 play of the same name. With a semi-autobiographical screenplay by Pinter, the film was produced by Sam Spiegel and directed by David Jones.","Samuel P. ""Sam"" Spiegel (November 11, 1901 – December 31, 1985) was a Polish-born American independent film producer.",11-Nov-01,When was Sam Spiegel born?
5a735bae55429901807dafef,Which indigenous people of the Ryukyu Islands were massacred in the Mudan incident of 1871? Mudan incident (1871): The Mudan incident of 1871 was the massacre of 54 Ryūkyūan sailors in Qing-era Taiwan who wandered into the central part of Taiwan after their ship was shipwrecked.,"The Ryukyuan people (琉球民族 , Ryūkyū minzoku , Okinawan: ""Ruuchuu minzuku"") (also Lewchewan or Uchinaanchu (沖縄人 , Japanese: ""Okinawa jin"") ) are the indigenous peoples of the Ryukyu Islands between the islands of Kyushu and Taiwan.",Ryukyuan people,What indigenous people come from the Ryukyu Islands?
5a73630655429901807db020,"Who was born first, Antonin Artaud or Elizabeth Taylor? Elizabeth Taylor: Dame Elizabeth Rosemond Taylor, DBE (February 27, 1932 – March 23, 2011) was a British-American actress, businesswoman, and humanitarian. Cabine C: With their sonority inspired by acts such as Siouxsie and the Banshees, The Cure, Cocteau Twins and Talking Heads, and vocalist Ciro Pessoa's lyrics influenced by Romantic and Symbolist poets such as Edgar Allan Poe, Charles Baudelaire and Arthur Rimbaud, and by playwright Antonin Artaud, they are considered to be one of the first and most famous Brazilian gothic rock bands (even though Pessoa publicly rejected any associations with the goth subculture at the time), as well as forerunners of the cold wave movement in Brazil.","Antoine Marie Joseph Artaud, better known as Antonin Artaud (] ; 4 September 1896 – 4 March 1948), was a French dramatist, poet, essayist, actor, and theatre director, widely recognized as one of the major figures of twentieth-century theatre and the European avant-garde.",Antonin Artaud,When was Antoine Marie Joseph Artaud born?
5a7365b155429901807db02a,"Which war was HMS Clonmel in where over nine million combatants died? World War I: Over nine million combatants and seven million civilians died as a result of the war (including the victims of a number of genocides), a casualty rate exacerbated by the belligerents' technological and industrial sophistication, and the tactical stalemate caused by gruelling trench warfare. William Brown (Royal Navy officer): He was then moved to HMS Leander, where he was commissioned by Admiral Peyton in 1788.","HMS ""Clonmel"" was a Hunt class minesweeper of the Royal Navy from World War I.",World War I,"Which war was HMS ""Clonmel"" in?"
5a73677455429901807db030,"Of the companies that sponsor the British League Riders Championship, which is owned and operated by Goodyear Tire and Rubber Company? British League Riders' Championship: The championship has been sponsored by Player's No 10, Skol, Leyland Cars, Gauntlet, Daily Mirror, TNT Sameday and Dunlop The Kelly Springfield Tire Company: It continues today as a major brand under Goodyear."," Founded by pneumatic tyre pioneer John Boyd Dunlop in Birmingham, England in 1889, it is owned and operated by Goodyear Tire and Rubber Company in North America, Europe, Australia and New Zealand.",Dunlop,"Out of Player's No 10, Skol, Leyland Cars, Gauntlet, Daily Mirror, TNT Sameday and Dunlop, which company is owned and operated by Goodyear Tire and Rubber Company?"
5a7369da55429901807db037,"In what group was the writer of Songs and Dances of Death in? Songs and Dances of Death: Songs and Dances of Death (Russian: Песни и пляски смерти , ""Pesni i plyaski smerti"") is a song cycle for voice (usually bass or bass-baritone) and piano by Modest Petrovich Mussorgsky, written in the mid-1870s, to poems by Arseny Golenishchev-Kutuzov, a relative of the composer.","Modest Petrovich Mussorgsky (Russian: Моде́ст Петро́вич Му́соргский ; ] ; 21 March [O.S. 9 March] 1839 – 28 March [O.S. 16 March] 1881 ) was a Russian composer, one of the group known as ""The Five"".","""The Five""",What grouop was Modest Petrovich Mussorgsky in?
5a737d3c55429908901be2c8,"I Can See Your Voice, a reality show from South Korea, offers what kind of performers a chance to make their dreams of stardom a reality? South Korea: South Korea, officially the Republic of Korea (abbreviated ROK), is a sovereign state in East Asia, constituting the southern part of the Korean Peninsula.", A reality show platform which offers talented singers the chance to make their dreams of stardom a reality.,singers,What kind of performers participate in I Can See Your Voice?
5a7380e055429908901be2d6,"Which building is newer, The Spiral, or the New York World Building? Terrace on the Park: The outside walls of the main floor are mostly accessible windows that allow guests a clear view in every direction. New York World Building: It was razed in 1955.","The Spiral is a proposed 65-floor skyscraper located in the Hudson Yards neighborhood of Manhattan, New York City.",The Spiral,Is The Spiral a new building or has it been razed?
5a73830d55429908901be2da,"What actress starred in ""The Golden Girls"" and was an animal rights activist? Dorothy Zbornak: Dorothy Zbornak (née Petrillo) is a fictional character from the TV series ""The Golden Girls"", portrayed by Bea Arthur for 7 years and 183 episodes. Ingrid Newkirk: Ingrid E. Newkirk (born June 11, 1949) is an English-born British-American animal rights activist and the president of People for the Ethical Treatment of Animals (PETA), the world's largest animal rights organization.","Beatrice ""Bea"" Arthur (born Bernice Frankel; May 13, 1922 – April 25, 2009) was an American actress, comedian, singer, and animal rights activist.",Bea Arthur,Was Dorothy Zbornak an animal rights activist?
5a738b855542992d56e7e363,"Which hospital opened first, St. Elizabeths Hospital or Providence Hospital? Providence Hospital (Washington, D.C.): Founded in 1861, it is the longest continuously operating hospital in the District.",St. Elizabeths Hospital opened in 1855 as the first federally operated psychiatric hospital in the United States.,St. Elizabeths Hospital,When did St.Elizabeths Hospital open?
5a738bd0554299623ed4abee,What classical music written by a Russian composer did Sia heavily sample? Taken for Granted: It was written by Sia and produced by Nigel Corsbie and heavily samples from Sergei Prokofiev's 'Montagues and Capulets',Montagues and Capulets is a work of classical music written by Russian composer Sergei Prokofiev.,Montagues and Capulets,Where was Sergei Prokofiev from?
5a738d27554299623ed4abf3,"Who was born first, Erika Jayne or Marco Da Silva Fortaleza Metro: The Fortaleza Metro system has been in operation since June 15, 2012, with the completion of the South Line, the first line of the system. Marco Da Silva (dancer): Marco Da Silva (born May, 30th, 1977), is a Portuguese dancer and choreographer.","Erika Girardi (born 10 July 1971), known professionally as Erika Jayne, is an American singer, actress and television personality.",Erika Jayne,When was Erika Girardi born?
5a7391b655429978a71e902c,"Who died first, Andrei Platonov or John Masefield? John Masefield: John Edward Masefield, OM ( ; 1 June 1878 – 12 May 1967) English poet and writer, was Poet Laureate of the United Kingdom from 1930.","Andrei Platonov (Russian: Андре́й Плато́нов , ] ; August 28 [O.S. August 16] 1899 – January 5, 1951) was the pen name of Andrei Platonovich Klimentov (Russian: Андре́й Плато́нович Климе́нтов ), a Soviet Russian writer, playwright, and poet, whose works anticipate existentialism.",Andrei Platonov,When did Andrei Platonov die?
5a739d8c55429905862fe073,"Near which town did the family of author of the ""Adventures of Huckleberry Finn"" own several tracts of land? Mark Twain: Among his novels are ""The Adventures of Tom Sawyer"" (1876) and its sequel, the ""Adventures of Huckleberry Finn"" (1885), the latter often called ""The Great American Novel"".","Santa Fe is an unincorporated community in southeastern Monroe County, Missouri, United States.",Santa Fe,Near which town did the family of Mark Twain own land?
5a739ef955429978a71e904b,"What festival is held every June in Bartlesville, Oklahoma? OK Mozart Festival: Considered Oklahoma's Premiere Music Festival, OK MOZART brings the highest quality professional musical and cultural experiences to the state of Oklahoma and the middle United States. Kastav Film Festival: Since then, the festival is held every June in Kastav, Croatia. Bartlesville, Oklahoma: Bartlesville is a city mostly in Washington County in the U.S. state of Oklahoma.","OK Mozart is an annual Classical music festival held each June in Bartlesville, Oklahoma.",OK Mozart,How often is the OK Mozart Festival held?
5a73ae3b55429978a71e907c,"Japanese destroyer Oite participated in what conflict that ended with the surrender of the American forces to the Empire of Japan? Japanese destroyer Oite (1924): The Japanese destroyer ""Oite"" (追風 , ""Tail Wind"" ) was one of nine ""Kamikaze""-class destroyers built for the Imperial Japanese Navy during the 1920s. During the Pacific War, she participated in the Battle of Wake Island in December 1941 and the occupations of New Guinea and the Solomon Islands in early 1942.","The Battle of Wake Island began simultaneously with the attack on Pearl Harbor naval/air bases in Hawaii and ended on 23rd December 1941, with the surrender of the American forces to the Empire of Japan.",Battle of Wake Island,"Out of the Battle of Wake Island, the occupation of New Guinea, and the occupation of the Solomon Islands, which ended with the surrender of the American forces to the Empire of Japan?"
5a73aeb855429908901be311,"Who is a guest in the final two episodes of season eighteen of South Park? HappyHolograms: YouTube celebrity PewDiePie appeared as himself, continuing his story line from the previous episode. Good Bye, Radar: As the title of the episode implies, these were the final two episodes to feature Gary Burghoff in his role as Corporal Radar O'Reilly.", YouTube celebrity PewDiePie plays himself in this episode.,PewDiePie,Who plays himself in HappyHolograms?
5a73b0975542992d56e7e387,"Which market town in Lancashire is part of the BB postcode area? BB postcode area: The BB postcode area, also known as the Blackburn postcode area, is a group of postcode districts around Accrington, Barnoldswick, Blackburn, Burnley, Clitheroe, Colne, Darwen, Nelson and Rossendale in England.","Burnley ( ) is a market town in Lancashire, England, with a population of 73,021.",Burnley,"Out of Accrington, Barnoldswick, Blackburn, Burnley, Clitheroe, Colne, Darwen, Nelson and Rossendale, which is a market town?"
5a73b2cb55429908901be31a,"The members of the von Trapp musical group are related to which woman who wrote ""The Story of the Trapp Family Singers""? The von Trapps: They are the grandchildren of Werner von Trapp, who was portrayed as Kurt in ""The Sound of Music"", and the great-grandchildren of Georg Ritter von Trapp and his first wife Agathe Whitehead, and the step-great-grandchildren of Maria von Trapp, Georg's second wife. Alix Williamson: Alix Williamson (5 April 1916 – 26 August 2001) was an American publicist who specialized in promoting musical artists both in the United States and abroad."," She wrote ""The Story of the Trapp Family Singers"" which was published in 1949.",Maria von Trapp,"Who wrote ""The Story of the Trapp Family Singers""?"
5a7412b655429979e28828a1,"Who was the husband of the prominent Walton family member who died after John died in 2005? Walton family: The three most prominent living members (Jim, Rob and Alice) have consistently been in the top ten of the ""Forbes"" 400 since 2001, as were John ( 2005) and Helen (d. 2007) prior to their deaths.","Helen Robson Kemper Walton (December 3, 1919 – April 19, 2007) was the wife of Wal-Mart and Sam's Club founder Sam Walton.",Sam Walton,Who was the husband of Helen Walton?
5a7415cf55429979e28828a6,"When did the person who claimed that Fidel Castro was killed in the 26th July Movement but was proven wrong by Herbert Matthews first serve as President of Cuba? Herbert Matthews: Herbert Lionel Matthews (January 10, 1900 – July 30, 1977) was a reporter and editorialist for ""The New York Times"" who grew to notoriety after revealing that Fidel Castro was still alive and living in the Sierra Maestra mountains, though Fulgencio Batista had claimed publicly that he was killed during the 26th of July Movement's landing.","Fulgencio Batista y Zaldívar (] ; born Rubén Zaldívar; January 16, 1901 – August 6, 1973) was the elected President of Cuba from 1940 to 1944, and U.S.-backed dictator from 1952 to 1959, before being overthrown during the Cuban Revolution.",1940,When did Fulgencio Batista first serve as the president of Cuba
5a74167455429929fddd83dc,"On which continent did Pia Miller make her appearance, in the teen magazine, Dolly? Pia Miller: Miller came to prominence after winning ""Dolly's"" annual modelling competition.","DOLLY was an Australian bimonthly teen magazine started in 1970 by Fairfax Ltd. in Australia and New Zealand, and purchased by ACP in 1988.",Australia,On what continent is teen magazine DOLLY from?